{"cameraMode":{"drawMode":0,"name":"Shaded","section":"Shading Mode"},"sceneLighting":true,"audioPlay":false,"sceneViewState":{"showFog":true,"showMaterialUpdate":false,"showSkybox":false,"showFlares":true,"showImageEffects":true,"showParticleSystems":true},"in2DMode":false,"pivot":{"x":-1.9126968383789063,"y":5.497430801391602,"z":7.262905120849609},"rotation":{"x":-0.1281004548072815,"y":0.7167723178863525,"z":-0.13665471971035005,"w":-0.6717603802680969},"size":351.53607177734377,"orthographic":false}