{"cameraMode":{"drawMode":0,"name":"Shaded","section":"Shading Mode"},"sceneLighting":true,"audioPlay":false,"sceneViewState":{"showFog":true,"showMaterialUpdate":false,"showSkybox":true,"showFlares":true,"showImageEffects":true,"showParticleSystems":true},"in2DMode":false,"pivot":{"x":40.983367919921878,"y":0.6576088666915894,"z":26.818513870239259},"rotation":{"x":-0.315941721200943,"y":0.5878700017929077,"z":-0.2671948969364166,"w":-0.6951295733451843},"size":5.296437740325928,"orthographic":false}