{"cameraMode":{"drawMode":0,"name":"Shaded","section":"Shading Mode"},"sceneLighting":false,"audioPlay":false,"sceneViewState":{"showFog":true,"showMaterialUpdate":false,"showSkybox":false,"showFlares":true,"showImageEffects":true,"showParticleSystems":true},"in2DMode":false,"pivot":{"x":-46.22121047973633,"y":1.4615094661712647,"z":27.46768569946289},"rotation":{"x":0.07218894362449646,"y":0.7875428795814514,"z":-0.09401676803827286,"w":0.6048070788383484},"size":0.41607707738876345,"orthographic":false}